count,sync,Accel_X,Accel_Y,Accel_Z,gyro_x,gyro_y,gyro_z,mag_x,mag_y,mag_z,Tilt_(degrees),Tilt_Cosine
0,0,280,4,0,-30,-71,-24,5370,-917,-12,0.022413950649463155,0.9999999234823618
1,4,280,4,0,-30,-71,-24,5375,-865,-12,0.044827901180820404,0.9999996939294604
2,8,280,4,0,-44,-82,-28,5400,-845,-12,0.07074147273641092,0.999999237793096
3,12,360,-12,-5,-44,-82,-28,5410,-835,-12,0.09665508525866304,0.9999985771010692
4,16,360,-12,-5,-77,-104,-34,5385,-845,-12,0.12937594853366477,0.999997450637174
5,20,330,4,-14,-77,-104,-34,5385,-845,-12,0.16209746709501502,0.9999959980016316
6,24,330,4,-14,-142,-132,-39,5385,-870,-12,0.20323846283386046,0.9999937087624032
7,28,330,4,-14,-142,-132,-39,5390,-865,-12,0.24438631565660202,0.9999909034261598
8,32,316,-7,13,-189,-142,-47,5410,-870,-12,0.2891186339435241,0.9999872686052401
9,36,316,-7,13,-189,-142,-47,5385,-840,-12,0.3338513219804916,0.9999830242210536
10,40,317,-1,-4,-211,-121,-54,5355,-860,-12,0.3732918172536541,0.9999787763466585
11,44,317,-1,-4,-211,-121,-54,5355,-860,-12,0.41277163798358674,0.9999740496894955
12,48,317,-1,-4,-236,-128,-59,5385,-860,-12,0.45475792568275086,0.999968501997489
13,52,296,14,-12,-236,-128,-59,5430,-845,-12,0.49677612703624674,0.9999624124989323
14,56,296,14,-12,-262,-144,-65,5370,-800,-12,0.5439294984351049,0.9999549383902474
15,60,312,8,7,-262,-144,-65,5380,-790,-12,0.5911018040642807,0.9999467836042522
16,64,312,8,7,-287,-141,-69,5380,-790,-12,0.6378934564211544,0.9999380249982311
17,68,335,5,0,-287,-141,-69,5375,-845,-12,0.6847113930632291,0.9999285940043026
18,72,335,5,0,-283,-120,-69,5380,-830,-12,0.7257445849137152,0.9999197792826918
19,76,335,5,0,-283,-120,-69,5390,-825,-12,0.7668243506744311,0.9999104408324884
20,80,339,-2,35,-251,-116,-68,5375,-820,-12,0.8067261446947079,0.9999008780519629
21,84,339,-2,35,-251,-116,-68,5375,-820,-12,0.8466634198208248,0.9998908211715902
22,88,370,-1,27,-221,-113,-68,5375,-830,-12,0.8858122840560062,0.9998804913099155
23,92,370,-1,27,-221,-113,-68,5385,-875,-12,0.9249911652089442,0.9998696861798548
24,96,370,-1,27,-205,-100,-62,5390,-815,-12,0.9599140457894405,0.9998596607103031
25,100,320,14,-22,-205,-100,-62,5370,-825,-12,0.9948599747298777,0.9998492567947719
26,104,320,14,-22,-189,-81,-51,5370,-825,-12,1.0232816724306555,0.9998405209693845
27,108,314,11,3,-189,-81,-51,5400,-800,-12,1.0517176714601564,0.9998315345340058
28,112,314,11,3,-160,-72,-44,5370,-835,-12,1.0768309186498501,0.9998233933756685
29,116,314,11,3,-160,-72,-44,5380,-800,-12,1.1019517256250801,0.9998150575991597
30,120,347,7,21,-145,-76,-38,5380,-800,-12,1.1273625944869863,0.9998064300357211
31,124,347,7,21,-145,-76,-38,5390,-820,-12,1.1527736516570375,0.9997976057490378
32,128,333,4,35,-144,-85,-33,5390,-820,-12,1.1799427027968465,0.9997879534416223
33,132,333,4,35,-144,-85,-33,5370,-845,-12,1.2071145638322038,0.9997780752931629
34,136,333,4,35,-167,-87,-26,5315,-845,-12,1.2339124951687537,0.9997681128523691
35,140,383,-3,5,-167,-87,-26,5360,-805,-12,1.260722018989769,0.9997579272560914
36,144,383,-3,5,-220,-96,-21,5360,-805,-12,1.2893261042693869,0.999746818502586
37,148,370,-8,12,-220,-96,-21,5365,-840,-12,1.3179572155096815,0.9997354497270174
38,152,370,-8,12,-311,-113,-20,5450,-830,-12,1.3510920561171353,0.9997219809878842
39,156,373,-6,14,-311,-113,-20,5400,-830,-12,1.3842705884595226,0.9997081594753578
40,160,373,-6,14,-414,-120,-19,5385,-830,-12,1.4192676500797177,0.9996932171058143
41,164,373,-6,14,-414,-120,-19,5405,-830,-12,1.454309893056383,0.9996778817438068
42,168,346,6,8,-495,-127,-18,5405,-830,-12,1.4911829263760321,0.9996613414301313
43,172,346,6,8,-495,-127,-18,5360,-825,-12,1.5281027327027683,0.9996443653233164
44,176,339,-2,24,-596,-129,-26,5375,-830,-12,1.5665615308567977,0.9996262401909102
45,180,339,-2,24,-596,-129,-26,5345,-810,-12,1.6050385503565587,0.9996076557660297
46,184,339,-2,24,-698,-118,-26,5370,-790,-11,1.6405067616582152,0.9995901252931403
47,188,344,15,-4,-698,-118,-26,5370,-790,-11,1.6759788779449474,0.9995722097771049
48,192,344,15,-4,-770,-93,-23,5400,-810,-11,1.7042314298483658,0.9995576664706811
49,196,323,14,-25,-770,-93,-23,5370,-805,-11,1.7324781716284,0.9995428831899426
50,200,323,14,-25,-800,-71,-22,5340,-825,-11,1.7545679543800035,0.9995311529513522
51,204,323,14,-25,-800,-71,-22,5420,-785,-11,1.7766508325270327,0.9995192778779657
52,208,357,8,28,-764,-29,-11,5420,-785,-11,1.7859121286877688,0.9995142534213906
53,212,357,8,28,-764,-29,-11,5405,-772,-11,1.795171446511628,0.9995092039316397
54,216,341,-4,43,-712,20,3,5340,-810,-11,1.7893544278768672,0.9995123792413094
55,220,341,-4,43,-712,20,3,5375,-805,-11,1.7835451726905192,0.9995155400312679
56,224,341,-4,43,-705,28,5,5375,-762,-11,1.7753225572511868,0.9995199963551551
57,228,351,25,13,-705,28,5,5375,-762,-11,1.767110754725584,0.9995244262737445
58,232,351,25,13,-731,0,-14,5375,-762,-11,1.768917283790527,0.9995234534896336
59,236,348,-5,18,-731,0,-14,5345,-772,-11,1.7707462438521104,0.9995224676145826
60,240,348,-5,18,-704,-10,-19,5350,-747,-11,1.7759406257626416,0.9995196621026298
61,244,348,-5,18,-704,-10,-19,5350,-747,-11,1.7811567816171336,0.9995168365636145
62,248,343,8,-5,-704,-12,-17,5405,-815,-11,1.786656642029914,0.9995138483724825
63,2,343,8,-5,-704,-12,-17,5405,-815,-11,1.7921718459607718,0.9995108425965853
64,6,333,10,22,-713,-43,-28,5375,-790,-11,1.8074444664262743,0.9995024707148793
65,10,333,10,22,-713,-43,-28,5385,-777,-11,1.8227237157000729,0.9994940241357089
66,14,338,0,3,-685,-70,-38,5390,-727,-11,1.8465430077025715,0.9994807147304061
67,18,338,0,3,-685,-70,-38,5390,-727,-11,1.8703629559733823,0.9994672322136787
68,22,338,0,3,-625,-132,-60,5340,-762,-11,1.9136274562453333,0.9994423019129122
69,26,345,5,12,-625,-132,-60,5390,-777,-11,1.95688687577445,0.9994168047701608
70,30,345,5,12,-614,-189,-78,5380,-767,-11,2.0176958398335247,0.9993800006210494
71,34,337,7,6,-614,-189,-78,5370,-762,-11,2.0785046745826667,0.9993420708592559
72,38,337,7,6,-581,-235,-93,5365,-747,-11,2.1535517308625662,0.9992937080981672
73,42,337,7,6,-581,-235,-93,5365,-747,-11,2.2286088217717968,0.999243624114763
74,46,336,5,9,-555,-288,-117,5355,-742,-11,2.321036897146626,0.999179592850559
75,50,336,5,9,-555,-288,-117,5345,-702,-11,2.413478684324973,0.9991129513130333
76,54,349,2,8,-531,-334,-136,5320,-767,-11,2.520747497411278,0.9990323609722389
77,58,349,2,8,-531,-334,-136,5320,-727,-11,2.6280344291201585,0.9989482544142375
78,62,349,2,8,-512,-383,-158,5320,-727,-11,2.751368871833256,0.998847239939035
79,66,339,5,6,-512,-383,-158,5350,-702,-11,2.874722278105532,0.9987415805551456
80,70,339,5,6,-495,-429,-178,5325,-697,-11,3.01305460941944,0.9986175842994306
81,74,333,5,12,-495,-429,-178,5315,-785,-11,3.1514063867970847,0.998487748338217
82,78,333,5,12,-479,-476,-200,5320,-707,-11,3.305281721386184,0.9983365059228336
83,82,333,5,12,-479,-476,-200,5320,-707,-11,3.4591742556105816,0.9981780447822096
84,86,343,3,9,-464,-521,-220,5275,-652,-11,3.627783974543759,0.997996162592925
85,90,343,3,9,-464,-521,-220,5265,-672,-12,3.7964097614121286,0.9978056191541015
86,94,336,5,8,-449,-566,-242,5290,-620,-12,3.980026875025098,0.9975883065304973
87,98,336,5,8,-449,-566,-242,5270,-640,-12,4.163656562784635,0.9973607324995846
88,102,336,5,8,-434,-608,-263,5270,-640,-12,4.361340019441973,0.9971042909542525
89,106,341,2,10,-434,-608,-263,5270,-640,-12,4.559032641790265,0.9968359671082003
90,110,341,2,10,-420,-651,-284,5280,-605,-12,4.771042567549093,0.9965350229742551
91,114,332,6,10,-420,-651,-284,5230,-605,-12,4.983059313233671,0.9962204239519407
92,118,332,6,10,-406,-692,-304,5230,-605,-12,5.208722821454224,0.995870588993767
93,122,332,6,9,-406,-692,-304,5220,-535,-12,5.43439123890361,0.9955052976545443
94,126,332,6,9,-391,-733,-324,5220,-535,-12,5.6737049713121985,0.9951010464619577
95,130,332,6,9,-391,-733,-324,5265,-487,-13,5.913022150996057,0.9946794287990534
96,134,335,5,10,-375,-772,-343,5255,-492,-12,6.165314832145899,0.9942161614145114
97,138,335,5,10,-375,-772,-343,5190,-477,-13,6.417609868777042,0.9937336122258157
98,142,331,5,11,-358,-810,-362,5190,-477,-13,6.682612873673783,0.9932060090130638
99,146,331,5,11,-358,-810,-362,5220,-452,-13,6.9476171990715985,0.9926571561456393
100,150,331,5,11,-340,-847,-379,5160,-417,-13,7.224791540606498,0.9920603775028318
101,154,336,4,15,-340,-847,-379,5220,-462,-13,7.501967256712777,0.9914403791586451
102,158,336,4,15,-321,-882,-397,5160,-365,-13,7.790914856264409,0.990769347846967
103,162,334,5,10,-321,-882,-397,5165,-385,-13,8.079863086041891,0.990073117077058
104,167,334,5,10,-302,-915,-413,5165,-385,-13,8.379778726629318,0.9893238281127918
105,171,334,5,10,-302,-915,-413,5142,-335,-14,8.679694933717524,0.9885474300955107
106,175,321,6,15,-282,-947,-429,5165,-375,-14,8.990311850812695,0.9877147779948944
107,179,321,6,15,-282,-947,-429,5152,-340,-14,9.300929263844676,0.986853095270904
108,183,328,6,12,-262,-977,-443,5122,-305,-14,9.621443593882018,0.9859335529262439
109,187,328,6,12,-262,-977,-443,5122,-305,-14,9.941958869180956,0.9849831548218082
110,191,328,6,12,-241,-1005,-458,5137,-265,-14,10.271973049731868,0.9839723835675874
111,195,333,3,17,-241,-1005,-458,5082,-257,-14,10.601988019046376,0.9829289659099382
112,199,333,3,17,-220,-1031,-471,5052,-257,-14,10.940698038216173,0.9818241477002206
113,203,327,5,14,-220,-1031,-471,5042,-212,-14,11.279409188396684,0.9806850138480979
114,207,327,5,14,-198,-1054,-483,5042,-212,-14,11.625880245121033,0.9794843236818102
115,211,325,7,15,-198,-1054,-483,5042,-212,-14,11.972352751270533,0.9782478116294407
116,215,325,7,15,-177,-1074,-492,4997,-207,-15,12.325379997900189,0.9769511136771947
117,219,325,7,15,-177,-1074,-492,4992,-142,-15,12.678409497690536,0.9756173183056808
118,223,333,4,16,-154,-1090,-499,4977,-120,-15,13.036657373764067,0.9742259435187276
119,227,333,4,16,-154,-1090,-499,4937,-85,-15,13.394908463095808,0.972796468433372
120,231,340,-1,15,-130,-1102,-500,4937,-85,-15,13.756503168439023,0.9713150858034961
121,235,340,-1,15,-130,-1102,-500,4967,-90,-16,14.118103549843566,0.9697949926774462
122,239,340,-1,15,-107,-1113,-499,4872,-55,-16,14.482515232706522,0.9682240029508599
123,243,331,2,17,-107,-1113,-499,4872,-55,-16,14.846935709634428,0.9666138074915152
124,247,331,2,17,-86,-1120,-492,4882,-80,-16,15.212298960143723,0.9649601914057917
125,2,329,3,16,-86,-1120,-492,4882,-80,-16,15.57767605119739,0.9632672719506827
126,6,329,3,16,-67,-1125,-483,4857,-60,-16,15.943203101698774,0.9615344609445015
127,10,329,3,16,-67,-1125,-483,4847,-10,-16,16.30874983925336,0.9597624191867721
128,14,342,-2,16,-53,-1126,-469,4800,-5,-16,16.672721431632016,0.9579591988673205
129,18,342,-2,16,-53,-1126,-469,4800,-5,-16,17.036720348072244,0.9561171811916735
130,22,328,2,19,-45,-1126,-452,4790,-5,-17,17.398494896849247,0.9542481836912694
131,26,328,2,19,-45,-1126,-452,4760,-30,-17,17.76030602036146,0.952340947079066
132,30,328,2,19,-40,-1123,-433,4720,15,-17,18.118845093329355,0.9504134959647755
133,34,335,0,21,-40,-1123,-433,4795,45,-17,18.47743056925425,0.9484485713847004
134,38,335,0,21,-41,-1116,-412,4705,20,-17,18.831429530957596,0.946472339238831
135,42,337,-3,22,-41,-1116,-412,4705,20,-17,19.185484221121026,0.944459657680652
136,46,337,-3,22,-47,-1106,-388,4725,65,-17,19.5337779263829,0.9424445361242316
137,50,337,-3,22,-47,-1106,-388,4685,80,-17,19.882137511359957,0.9403941977832724
138,54,331,-1,21,-60,-1092,-362,4695,105,-18,20.223424777836716,0.938351772786099
139,58,331,-1,21,-60,-1092,-362,4610,85,-18,20.564786954299077,0.9362755950468259
140,62,332,-3,21,-82,-1075,-334,4610,85,-18,20.898034489114877,0.9342167115387046
141,66,332,-3,21,-82,-1075,-334,4610,85,-18,21.231364558668222,0.9321257028860124
142,70,337,-6,25,-116,-1053,-303,4660,147,-18,21.554867601130486,0.9300661724103062
143,74,337,-6,25,-116,-1053,-303,4605,157,-18,21.878458284715816,0.9279764219735375
144,78,337,-6,25,-172,-1029,-272,4625,162,-18,22.19169611372401,0.9259253356102255
145,82,337,-5,21,-172,-1029,-272,4580,137,-18,22.505019001647916,0.9238460066235917
146,86,337,-5,21,-239,-1002,-239,4580,137,-18,22.806931745383608,0.9218162625167778
147,90,333,-3,26,-239,-1002,-239,4535,162,-18,23.10892298657453,0.9197603853525218
148,94,333,-3,26,-309,-972,-205,4555,172,-18,23.39856798793918,0.9177645514437933
149,98,333,-3,26,-309,-972,-205,4580,212,-18,23.688281786506103,0.9157447811135518
150,102,326,-1,25,-377,-940,-169,4585,142,-18,23.96485623696748,0.9137947676110443
151,106,326,-1,25,-377,-940,-169,4585,142,-18,24.24148960078716,0.9118230394330347
152,110,336,-6,25,-453,-905,-134,4550,162,-18,24.50428469456154,0.909930256730667
153,114,336,-6,25,-453,-905,-134,4535,192,-18,24.76712138890272,0.9080180274477825
154,118,336,-6,25,-538,-869,-97,4502,222,-18,25.015581356839583,0.906192824188406
155,122,351,-11,27,-538,-869,-97,4540,222,-18,25.264060878267333,0.9043504345734076
156,126,351,-11,27,-640,-831,-60,4540,222,-18,25.49758811376546,0.902603406068028
157,130,348,-2,24,-640,-831,-60,4530,252,-18,25.73110139522586,0.9008414889974111
158,134,348,-2,24,-757,-792,-22,4550,290,-18,25.94921894698949,0.8991822200822024
159,138,348,-2,24,-757,-792,-22,4565,232,-18,26.167278249133723,0.8975103683401228
160,142,325,-5,32,-844,-750,16,4565,232,-18,26.369084133639625,0.8959515477112463
161,146,325,-5,32,-844,-750,16,4525,280,-18,26.57079671844438,0.8943823405433132
162,150,333,-5,26,-940,-699,55,4525,280,-18,26.75363217130103,0.8929504083696448
163,154,333,-5,26,-940,-699,55,4535,320,-18,26.936329161206533,0.8915104780317196
164,158,352,-13,31,-1063,-642,93,4530,330,-18,27.098571959581903,0.8902241583391464
165,162,352,-13,31,-1063,-642,93,4550,315,-18,27.26061084546269,0.8889323306522454
166,166,352,-13,31,-1209,-582,133,4550,315,-18,27.401034702453437,0.8878070742600137
167,170,332,-9,31,-1209,-582,173,4535,345,-18,27.53606012170328,0.8867200477901337
168,174,332,-9,31,-1370,-519,173,4540,340,-18,27.653701760474227,0.8857689553898369
169,178,338,-9,30,-1370,-519,212,4570,365,-17,27.765909768442754,0.8848583125107581
170,182,338,-9,30,-1545,-456,212,4580,345,-17,27.860677304220246,0.8840865670773705
171,186,338,-9,30,-1545,-456,251,4580,345,-17,27.94981753762086,0.8833584404370834
172,190,328,-6,29,-1747,-393,251,4580,345,-17,28.02145435094652,0.8827717377763262
173,194,328,-6,29,-1747,-393,289,4535,370,-17,28.08736314881822,0.8822307284269937
174,198,344,-10,31,-1966,-330,289,4545,407,-16,28.13570901211366,0.8818331413486667
175,202,344,-10,31,-1966,-269,327,4590,462,-16,28.16186204058328,0.8816178021686552
176,206,344,-10,31,-2184,-269,327,4570,422,-16,28.18710294955335,0.8814097990212375
177,210,327,-4,30,-2184,-210,366,4570,422,-16,28.1903668847769,0.8813828893690893
178,214,327,-4,30,-2403,-210,366,4625,442,-16,28.192566808263003,0.8813647503931543
179,218,336,-7,28,-2403,-154,406,4610,402,-15,28.173246699527976,0.8815240056140662
180,222,336,-7,28,-2631,-154,406,4620,447,-15,28.152701047152945,0.881693252991987
181,226,336,-7,28,-2858,-102,446,4610,477,-15,28.111314197756442,0.8820338381016363
182,230,340,-8,31,-2858,-102,446,4610,477,-15,28.06853901228773,0.882385364618219
183,234,340,-8,31,-3072,-55,488,4655,437,-14,28.005678178602544,0.8829010625240834
184,238,342,-5,24,-3072,-55,488,4655,447,-14,27.941269909931165,0.8834283529728043
185,242,342,-5,24,-3277,-12,530,4675,467,-13,27.857551709322586,0.8841120591388238
186,246,342,-5,24,-3277,-12,530,4660,462,-13,27.772133547515015,0.8848077030179812
187,1,329,-1,24,-3464,25,574,4660,462,-13,27.668320545335646,0.8856505065866525
188,5,329,-1,24,-3464,25,574,4685,422,-13,27.56266228282472,0.8865053053586887
189,9,338,-3,26,-3630,58,617,4725,422,-13,27.439503329534233,0.8874978833452768
190,13,338,-3,26,-3630,58,617,4735,412,-12,27.314373470353697,0.888502145857189
191,17,330,-1,26,-3775,85,660,4735,412,-12,27.17292674409371,0.8896322607411324
192,21,330,-1,26,-3775,85,660,4740,365,-12,27.02939861609461,0.8907734631821728
193,25,330,-1,26,-3899,107,702,4790,380,-11,26.870653675011397,0.8920291451498651
194,29,341,-4,27,-3899,107,702,4805,397,-11,26.709736326632605,0.8932950222221341
195,33,341,-4,27,-4006,127,742,4800,350,-11,26.534205892080166,0.8946678196117039
196,37,338,-1,23,-4006,127,742,4867,350,-10,26.35643782386677,0.8960495589584843
197,41,338,-1,23,-4095,146,774,4867,350,-10,26.165710555047347,0.8975224342100826
198,45,338,-1,23,-4095,146,774,4830,192,-10,25.972725432775253,0.899002622710878
199,49,326,6,24,-4169,160,803,4800,252,-9,25.76837219446796,0.9005588858526458
200,53,326,6,24,-4169,160,803,4815,167,-9,25.56176194532026,0.9021206909144521
201,57,344,0,25,-4228,172,826,4820,115,-9,25.345421115330364,0.9037434785144033
202,61,344,0,25,-4228,172,826,4887,75,-8,25.126859122109018,0.9053698432627048
203,65,344,0,25,-4270,180,845,4887,75,-8,24.900240725333006,0.907042245322687
204,69,343,0,19,-4270,180,845,4917,-10,-8,24.67146119682089,0.9087162027692562
205,73,343,0,19,-4300,187,858,4927,-50,-8,24.43622022344753,0.9104223298691966
206,77,334,4,25,-4300,187,858,4932,-90,-7,24.19891090876754,0.912127907917925
207,81,334,4,25,-4316,191,865,4932,-152,-7,23.95719545155713,0.9138490676116763
208,85,334,4,25,-4316,191,865,4932,-152,-7,23.71353013135413,0.9155676497151302
209,89,338,4,20,-4318,191,868,4982,-252,-6,23.467244709630446,0.9172878844367065
210,93,338,4,20,-4318,191,868,4992,-275,-6,23.219141275763054,0.9190036805285322
211,97,336,5,19,-4307,189,865,5032,-355,-6,22.970376237118156,0.9207067509823341
212,101,336,5,19,-4307,189,865,5012,-412,-5,22.71994569008282,0.9224036927339891
213,105,336,5,19,-4282,185,858,5012,-412,-5,22.470347834909468,0.9240774581361404
214,109,329,9,20,-4282,185,858,4997,-447,-5,22.219249170129274,0.9257435926422535
215,113,329,9,20,-4247,180,845,5012,-477,-5,21.970875822650324,0.9273741520962424
216,117,331,8,19,-4247,180,845,5037,-657,-5,21.721181553100042,0.9289958171644267
217,121,331,8,19,-4203,173,829,5072,-707,-4,21.475480734711137,0.930574324016348
218,125,337,8,17,-4203,173,829,5072,-707,-4,21.22863880236124,0.9321429298269025
219,129,337,8,17,-4153,167,807,5057,-712,-4,20.98749815885557,0.9336585995464408
220,133,337,8,17,-4153,167,807,5022,-800,-4,20.74541179328711,0.9351635780708567
221,137,337,8,16,-4100,159,782,5067,-987,-3,20.51030887195054,0.9366091634594883
222,141,337,8,16,-4100,159,782,5067,-987,-3,20.274447319309385,0.9380435671457683
223,145,345,6,18,-4045,152,752,5057,-967,-3,20.047082156834986,0.939411252378957
224,149,345,6,18,-4045,152,752,5057,-977,-3,19.81915259894842,0.9407674844619381
225,153,345,6,18,-3986,146,720,5057,-1022,-3,19.600427934870094,0.9420549473160275
226,157,338,8,18,-3986,146,720,5077,-1182,-3,19.38133316856151,0.9433308252095884
227,161,338,8,18,-3926,139,685,5077,-1197,-2,19.172612971127226,0.9445334585736126
228,165,334,12,16,-3926,139,685,5077,-1197,-2,18.963705025017795,0.9457246224985749
229,169,334,12,16,-3863,131,646,5047,-1277,-2,18.766598882501142,0.9468369670898346
230,173,334,12,16,-3863,131,646,5042,-1287,-2,18.569472810540667,0.9479382169868986
231,177,339,12,16,-3800,124,604,5042,-1370,-1,18.38513934322555,0.9489578487942312
232,181,339,12,16,-3800,124,604,5077,-1420,-2,18.200945652362105,0.949966896386361
233,185,342,12,14,-3733,117,560,5007,-1512,-1,18.030285774192738,0.95089304123429
234,189,342,12,14,-3733,117,560,5007,-1512,-1,17.859906899188775,0.9518092457102874
235,193,342,12,14,-3662,111,513,5062,-1580,-1,17.704037836868363,0.9526400525993812
236,197,324,18,11,-3662,111,513,5067,-1675,-1,17.548575939600912,0.9534616666126077
237,201,324,18,11,-3586,105,464,5037,-1675,-1,17.408308781194805,0.9541969529062929
238,205,329,17,13,-3586,105,464,5052,-1717,-1,17.268549276618028,0.9549238902761996
239,209,329,17,13,-3503,98,414,5052,-1717,-1,17.144326568392103,0.9555652460882185
240,213,329,17,13,-3503,98,414,5052,-1762,-1,17.020676440490764,0.9561991849448765
241,217,356,7,15,-3414,93,361,5052,-1875,-1,16.913444068085568,0.9567453464100253
242,221,356,7,15,-3414,93,361,5062,-1910,-1,16.806831239946444,0.9572850301520193
243,225,345,15,13,-3321,88,307,5057,-1935,0,16.716885384553674,0.9577377665106919
244,229,345,15,13,-3321,88,307,5057,-1935,0,16.62757462726811,0.9581849708081791
245,233,355,13,13,-3224,83,251,5057,-1972,0,16.555423361736842,0.9585445525589256
246,237,355,13,13,-3224,83,251,5037,-2077,0,16.48389145986439,0.9588995470528519
247,241,355,13,13,-3123,78,194,5007,-2095,0,16.42966035689093,0.9591676860547464
248,245,361,10,11,-3123,78,194,5017,-2120,0,16.376003972118617,0.9594321377431425
249,0,361,10,11,-3017,73,136,5017,-2120,0,16.33974175141363,0.9596103838213954
250,4,343,14,13,-3017,73,136,5067,-2150,0,16.30398398767695,0.9597857738595145
251,8,343,14,13,-2910,68,78,5007,-2210,0,16.285380441237706,0.9598768754887437
252,12,343,14,13,-2910,68,78,5007,-2237,0,16.267191879777478,0.9599658471004263
253,16,328,8,12,-2801,64,20,5007,-2237,0,16.26596173400119,0.9599718610189963
254,20,328,8,12,-2801,64,20,5052,-2257,0,16.265048331788858,0.95997632616002
255,24,300,5,12,-2696,60,-36,5052,-2257,0,16.28024571566519,0.9599020024375249
256,28,300,5,12,-2696,60,-36,4962,-2337,1,16.295656101637007,0.9598265680555251
257,32,300,5,12,-2596,58,-90,4997,-2307,1,16.326509396703077,0.9596753314255513
258,36,267,8,11,-2596,58,-90,4972,-2360,1,16.357480009359335,0.959523239859136
259,40,267,8,11,-2504,57,-140,4972,-2360,1,16.402611329006884,0.9593011054678792
260,44,260,3,12,-2504,57,-140,4987,-2385,1,16.447773103524952,0.9590782253726624
261,48,260,3,12,-2418,58,-186,4982,-2445,1,16.505960600945862,0.9587901829636243
262,52,260,3,12,-2418,58,-186,4977,-2425,1,16.56410561076731,0.9585013630949568
263,56,248,2,14,-2337,59,-227,4962,-2440,1,16.633703733995883,0.9581543550241618
264,60,248,2,14,-2337,59,-227,4967,-2492,1,16.703195300195315,0.9578064676881117
265,64,220,1,11,-2260,61,-264,4967,-2492,1,16.782994532525006,0.957405240406639
266,68,220,1,11,-2260,61,-264,4977,-2527,1,16.862634621579865,0.9570029616885246
267,72,184,3,11,-2185,64,-297,4957,-2497,1,16.951481283638355,0.9565519967332234
268,76,184,3,11,-2185,64,-297,4912,-2507,1,17.040127471599835,0.9560997570226182
269,80,184,3,11,-2111,68,-325,4947,-2512,1,17.136651810259536,0.9556047231944268
270,84,153,3,8,-2111,68,-325,4947,-2512,1,17.232946100228848,0.9551081667731691
271,88,153,3,8,-2030,74,-347,4892,-2527,1,17.335703312455177,0.9545753078611622
272,92,130,1,13,-2030,74,-347,4942,-2542,1,17.43821576016564,0.9540406588018574
273,96,130,1,13,-1943,80,-363,4922,-2527,1,17.545562511070873,0.953477523210259
274,100,130,1,13,-1943,80,-363,4947,-2562,2,17.652659194655246,0.9529123642424586
275,104,141,-3,6,-1851,86,-373,4947,-2562,2,17.76299809037551,0.9523266137818678
276,108,141,-3,6,-1851,86,-373,4922,-2577,2,17.87309019416153,0.9517386534781079
277,112,65,14,8,-1760,92,-377,4922,-2592,1,17.984865864077584,0.9511381070203023
278,116,65,14,8,-1760,92,-377,4887,-2620,2,18.096404664468363,0.9505352248398955
279,120,65,14,8,-1672,96,-376,4862,-2635,2,18.208057802469636,0.9499281168518022
280,124,109,-3,14,-1672,96,-376,4862,-2635,2,18.319485721716852,0.9493186370434226
281,128,109,-3,14,-1590,100,-368,4872,-2597,2,18.429258993481785,0.9487146967686267
282,132,89,-4,11,-1590,100,-368,4867,-2645,2,18.538823857309307,0.9481084305642009
283,136,89,-4,11,-1514,100,-356,4857,-2700,2,18.64513350622204,0.9475168627127328
284,140,89,-4,11,-1514,100,-356,4857,-2700,2,18.751248852204625,0.9469231229882332
285,144,115,-5,13,-1439,99,-338,4897,-2670,2,18.85247049598657,0.9463537377815021
286,148,115,-5,13,-1439,99,-338,4897,-2670,2,18.953515338505834,0.9457824012164945
287,152,70,-9,19,-1367,97,-318,4847,-2730,2,19.049050037157155,0.9452395152586607
288,156,70,-9,19,-1367,97,-318,4857,-2680,2,19.144425333384362,0.9446949137344107
289,160,70,-9,19,-1298,93,-296,4857,-2782,2,19.233509069039236,0.9441838731919097
290,164,51,-5,11,-1298,93,-296,4857,-2782,2,19.3224496215063,0.9436713770521559
291,168,51,-5,11,-1232,88,-271,4847,-2720,2,19.40423297935181,0.9431981154994405
292,172,41,-1,3,-1232,88,-271,4842,-2735,2,19.485889964971193,0.9427236679769269
293,176,41,-1,3,-1167,82,-243,4837,-2710,2,19.559529704469753,0.9422941605941377
294,180,45,-5,6,-1167,82,-243,4847,-2787,2,19.63306067216715,0.9418637345156263
295,184,45,-5,6,-1103,75,-213,4862,-2767,2,19.697963579386123,0.9414825253395297
296,188,45,-5,6,-1103,75,-213,4862,-2767,2,19.762775382797027,0.9411006457278537
297,192,42,-6,7,-1041,67,-182,4857,-2792,2,19.818591786099717,0.9407708030723196
298,196,42,-6,7,-1041,67,-182,4847,-2782,2,19.87433404586269,0.9404405075237041
299,200,30,-4,3,-980,58,-150,4857,-2812,2,19.920711270342565,0.9401650252283886
300,204,30,-4,3,-980,58,-150,4867,-2822,2,19.967030720599453,0.9398892712820015
301,208,30,-4,3,-921,48,-118,4867,-2822,2,20.003852170411246,0.9396696236022873
302,212,23,-2,3,-921,48,-118,4852,-2847,2,20.040630889156496,0.9394498434083169
303,216,23,-2,3,-864,38,-85,4815,-2885,2,20.067717542488673,0.9392877329823023
304,220,21,-4,6,-864,38,-85,4815,-2862,2,20.094776854120543,0.9391255765859142
305,224,21,-4,6,-807,28,-53,4825,-2945,2,20.112424807828774,0.9390197061019891
306,228,21,-4,6,-807,28,-53,4825,-2945,2,20.130059834706184,0.9389138241764962
307,232,17,-3,4,-751,19,-21,4815,-2925,2,20.1385113717012,0.9388630490326233
308,236,17,-3,4,-751,19,-21,4830,-2895,2,20.14696501286963,0.9388122408115491
309,240,12,-2,4,-694,10,13,4805,-2935,2,20.145813595003876,0.9388191622854831
310,244,12,-2,4,-694,10,13,4825,-2925,2,20.14468053948704,0.9388259730084141
311,248,12,-2,4,-637,1,47,4825,-2925,2,20.133990416682714,0.9388902125672626
312,2,4,-2,5,-637,1,47,4825,-2925,2,20.12333470925174,0.9389542127894126
313,6,4,-2,5,-579,-8,81,4795,-2945,2,20.1031694102041,0.939075240557158
314,10,-2,0,3,-579,-8,81,4825,-3037,2,20.08305434214246,0.9391958509609686
315,14,-2,0,3,-515,-16,112,4825,-3037,2,20.054354812813948,0.939367733581822
316,18,-2,0,3,-515,-16,112,4815,-3042,3,20.025719037340835,0.9395389994737778
317,22,-2,-2,4,-448,-23,139,4815,-3042,3,19.989643320603463,0.9397544283641385
318,26,-2,-2,4,-448,-23,139,4815,-3022,2,19.953641519296188,0.9399690444447539
319,30,-4,-3,5,-379,-32,164,4830,-3057,2,19.910293075673835,0.9402269633115025
320,34,-4,-3,5,-379,-32,164,4790,-3067,3,19.867023897237257,0.9404838738452197
321,38,-10,0,6,-312,-42,186,4790,-3067,3,19.81690761874628,0.9407807685919221
322,42,-10,0,6,-312,-42,186,4830,-3077,2,19.766871826053183,0.9410764684827454
323,46,-10,0,6,-249,-54,203,4810,-3112,2,19.710723414606345,0.9414074379482352
324,50,-8,0,4,-249,-54,203,4790,-3052,2,19.65465059973048,0.9417370595504724
325,54,-8,0,4,-186,-66,215,4780,-3097,3,19.593576989753558,0.942095051886664
326,58,-9,0,2,-186,-66,215,4805,-3135,3,19.532569930455683,0.9424515854491053
327,62,-9,0,2,-124,-75,223,4805,-3135,3,19.468040999103536,0.9428275384991057
328,66,-9,0,2,-124,-75,223,4820,-3107,2,19.40356929379818,0.9432019638311882
329,70,-10,2,4,-66,-85,227,4825,-3127,2,19.336248330416158,0.9435916618916721
330,74,-10,2,4,-66,-85,227,4825,-3097,2,19.268972746678223,0.9439797958968558
331,78,-9,2,5,-10,-93,227,4820,-3102,2,19.20011836029235,0.9443756908703752
332,82,-9,2,5,-10,-93,227,4820,-3102,2,19.131297552958134,0.9447700299328633
333,86,-9,2,5,43,-102,224,4867,-3150,2,19.061340260102334,0.9451694839586624
334,90,-6,1,3,43,-102,224,4810,-3140,2,18.99140437091756,0.9455674073539593
335,94,-6,1,3,94,-111,218,4837,-3155,2,18.92097590909664,0.9459667096907483
336,98,0,-1,2,94,-111,218,4830,-3122,3,18.85055772788633,0.9463645247417244
337,102,0,-1,2,146,-120,210,4830,-3122,3,18.780073696215336,0.9467612803019283
338,106,0,-1,2,146,-120,210,4805,-3175,2,18.709590836381206,0.947156596531038
339,110,-10,3,2,202,-129,199,4837,-3175,2,18.63969374161191,0.9475472118867834
340,114,-10,3,2,202,-129,199,4867,-3135,2,18.569791443646796,0.9479364459852422
341,118,-8,4,5,260,-137,186,4857,-3122,2,18.501118004755646,0.9483174635030424
342,122,-8,4,5,260,-137,186,4820,-3122,2,18.432437311890997,0.9486971587102155
343,126,-9,5,4,315,-142,172,4820,-3122,2,18.365822479023347,0.9490641307093045
344,130,-9,5,4,315,-142,172,4815,-3122,2,18.299202655640553,0.9494298471582687
345,134,-9,5,4,363,-145,158,4867,-3127,2,18.235068416439162,0.9497807060978711
346,138,-5,6,10,363,-145,158,4867,-3127,2,18.170934766000588,0.9501303718028713
347,142,-5,6,10,399,-146,142,4852,-3102,2,18.110152722462345,0.9504606653281897
348,146,-7,1,7,399,-146,142,4852,-3102,2,18.049379887753904,0.95078983941079
349,150,-7,1,7,423,-148,123,4847,-3107,2,17.99245418792613,0.9510972053583059
350,154,-7,1,7,423,-148,123,4872,-3087,2,17.935551276276623,0.9514035099761933
351,158,-9,3,6,439,-150,103,4862,-3047,2,17.882757424395727,0.9516868566008212
352,162,-9,3,6,439,-150,103,4862,-3047,2,17.830003520805914,0.9519691817307259
353,166,-9,3,5,453,-149,82,4847,-3067,2,17.78221938964372,0.9522242133764991
354,170,-9,3,5,453,-149,82,4825,-3052,2,17.734493336650335,0.9524782739467392
355,174,-9,3,5,466,-146,60,4877,-3057,2,17.69239930144562,0.9527018050502286
356,178,-8,3,6,466,-146,60,4877,-3077,2,17.650382586508933,0.9529244127529264
357,182,-8,3,6,480,-142,38,4847,-3052,2,17.614237888382043,0.9531155000409286
358,186,-20,7,8,480,-142,38,4847,-3052,2,17.578190679237846,0.9533056941584246
359,191,-20,7,8,492,-137,18,4897,-3012,2,17.54779451037898,0.9534657787300537
360,195,-20,7,8,492,-137,18,4867,-3007,2,17.51751384979682,0.9536249881456301
361,199,-10,3,6,503,-131,-4,4907,-3087,2,17.493576924635008,0.9537506550221322
362,203,-10,3,6,503,-131,-4,4872,-2945,2,17.469775149603315,0.9538754473125572
363,207,-9,3,8,512,-126,-26,4872,-2945,2,17.452173557575648,0.9539676262754938
364,211,-9,3,8,512,-126,-26,4872,-2945,2,17.434728646918938,0.9540588958707458
365,215,-9,3,8,522,-119,-47,4887,-2915,2,17.423669076997342,0.9541167123517114
366,219,-11,3,8,522,-119,-47,4867,-3012,2,17.412784112001685,0.9541735813327163
367,223,-11,3,8,531,-113,-67,4877,-2945,2,17.407904144928406,0.9541990657561313
368,227,-11,4,4,531,-113,-67,4877,-2945,2,17.403216906792057,0.954223537182979
369,231,-11,4,4,542,-106,-87,4877,-2945,2,17.40475602523421,0.9542155023610775
370,235,-9,4,7,542,-106,-87,4887,-2847,2,17.40650456250387,0.9542063734525696
371,239,-9,4,7,552,-98,-105,4852,-2880,2,17.414213425064272,0.954166115787499
372,243,-9,4,7,552,-98,-105,4852,-2867,2,17.42214324159265,0.954124686221555
373,247,-8,3,6,564,-89,-123,4872,-2797,2,17.436234056748432,0.9540510232411066
374,2,-8,3,6,564,-89,-123,4872,-2797,2,17.450555169741058,0.9539760972003553
375,6,-10,3,6,577,-82,-140,4852,-2847,2,17.470466883616485,0.9538718228856167
376,10,-10,3,6,577,-82,-140,4857,-2827,2,17.490620000784194,0.9537661670762501
377,14,-10,3,6,590,-75,-157,4857,-2827,2,17.5163878657172,0.9536309031996457
378,18,-8,3,6,590,-75,-157,4867,-2735,2,17.542407380133575,0.9534941226165836
379,22,-8,3,6,602,-69,-175,4867,-2735,2,17.574144466626226,0.9533270194377385
380,26,-8,3,6,602,-69,-175,4892,-2720,2,17.606145658205122,0.9531582295194518
381,30,-8,3,6,611,-65,-194,4857,-2725,2,17.643813402173695,0.9529591704627184
382,34,-8,3,6,611,-65,-194,4882,-2640,2,17.6817615829034,0.9527582129206499
383,38,-7,2,7,619,-61,-212,4882,-2640,2,17.725165183072217,0.9525278533963659
384,42,-7,2,7,619,-61,-212,4872,-2645,2,17.768862999168423,0.9522953801673166
385,46,-5,2,6,632,-57,-229,4947,-2635,2,17.817799909203462,0.9520343773466792
386,50,-5,2,6,632,-57,-229,4882,-2635,2,17.86704369216188,0.951771036773988
387,54,-5,2,6,656,-54,-244,4887,-2602,2,17.92089562150792,0.9514822484411889
388,58,-11,2,4,656,-54,-244,4907,-2507,2,17.97506842518536,0.9511908913099281
389,62,-11,2,4,688,-52,-256,4907,-2507,2,18.032960173789657,0.9508785927246381
390,66,-8,2,9,688,-52,-256,4877,-2502,2,18.09118612658904,0.9505635120813809
391,70,-8,2,9,726,-51,-265,4795,-2487,2,18.15223547067394,0.9502320988683151
392,74,-8,2,9,726,-51,-265,4815,-2445,2,18.21363128832102,0.9498977167705457
393,78,-10,2,5,767,-50,-273,4815,-2395,2,18.277616190519833,0.9495480729878215
394,82,-10,2,5,767,-50,-273,4815,-2395,2,18.341958389139425,0.9491952826273223
395,86,-7,1,4,810,-50,-276,4842,-2405,2,18.40745463739999,0.9488349351587494
396,90,-7,1,4,810,-50,-276,4867,-2400,2,18.47331431631496,0.9484713379522995
397,94,-6,1,9,861,-50,-275,4815,-2370,2,18.53928089824567,0.9481058943110507
398,98,-6,1,9,861,-50,-275,4837,-2375,2,18.605613065754742,0.9477371581412317
399,102,-6,1,9,916,-50,-270,4857,-2342,2,18.670984005425808,0.9473725225941916
400,106,-5,0,8,916,-50,-270,4857,-2342,2,18.736717796580745,0.9470046195629188
401,110,-5,0,8,972,-51,-261,4825,-2297,1,18.800270462529724,0.9466477388622949
402,114,-7,-5,10,972,-51,-261,4867,-2215,1,18.864180557374127,0.9462876764818006
403,118,-7,-5,10,1027,-53,-252,4892,-2180,2,18.9257637178837,0.9459396099268591
404,122,-7,-5,10,1027,-53,-252,4867,-2160,2,18.9877012363579,0.9455884382961909
405,126,-6,-3,6,1079,-55,-242,4867,-2160,2,19.047025635131995,0.9452510463946322
406,130,-6,-3,6,1079,-55,-242,4872,-2145,1,19.106699400118593,0.9449106452249214
407,134,-8,-4,3,1127,-56,-231,4877,-2062,2,19.163586079953387,0.9445851883286516
408,138,-8,-4,3,1127,-56,-231,4877,-2062,2,19.22081243974341,0.9442568485740707
409,142,-8,-4,3,1170,-55,-219,4892,-2042,1,19.275174057725277,0.943944073028494
410,146,-5,-3,6,1170,-55,-219,4892,-2042,1,19.32985820916308,0.9436285844351104
411,150,-5,-3,6,1207,-53,-205,4872,-2042,1,19.381184170841852,0.9433316881925042
412,154,-7,-3,7,1207,-53,-205,4867,-1992,1,19.432809958145352,0.9430322939603796
413,158,-7,-3,7,1242,-51,-190,4842,-2007,1,19.480740512296045,0.9427536441642752
414,162,-7,-3,7,1242,-51,-190,4842,-2007,1,19.528947755621203,0.942472720332765
415,166,-7,-3,6,1275,-50,-174,4857,-1945,1,19.573020441646634,0.9422153064879369
416,170,-7,-3,6,1275,-50,-174,4857,-1915,1,19.61734921666604,0.9419558345458093
417,174,-8,-2,8,1308,-49,-157,4852,-1860,1,19.657208959310815,0.941722039980153
418,178,-8,-2,8,1308,-49,-157,4872,-1835,1,19.697304456385943,0.941486402791148
419,182,-9,-1,5,1338,-48,-138,4842,-1830,1,19.732309186951642,0.9412803065490699
420,186,-9,-1,5,1338,-48,-138,4842,-1830,1,19.76752847997291,0.9410725924580093
421,190,-9,-1,5,1364,-47,-116,4887,-1830,1,19.79674327011083,0.9409000215210431
422,194,-5,-2,7,1364,-47,-116,4892,-1742,1,19.82615007761776,0.9407260692993481
423,198,-5,-2,7,1387,-46,-94,4862,-1712,1,19.849494755390698,0.9405878003857289
424,202,-6,-2,6,1387,-46,-94,4852,-1747,0,19.873010471923234,0.9404483605555461
425,206,-6,-2,6,1411,-45,-73,4852,-1747,0,19.890699462421342,0.9403433667336527
426,210,-6,-2,6,1411,-45,-73,4852,-1747,0,19.908541183199805,0.9402373755812495
427,214,-6,-2,8,1440,-45,-54,4862,-1645,1,19.921017936188914,0.940163201572567
428,218,-6,-2,8,1440,-45,-54,4877,-1660,1,19.933635166637917,0.9400881470907159
429,222,-8,-2,8,1474,-44,-37,4815,-1610,1,19.941503424425026,0.9400413191271249
430,226,-8,-2,8,1474,-44,-37,4857,-1557,1,19.949500232676936,0.9399937079302159
431,230,-8,-2,8,1509,-41,-21,4857,-1557,1,19.953128301767723,0.939972101184888
432,234,-10,0,7,1509,-41,-21,4882,-1575,0,19.956869399250472,0.9399498173589222
433,238,-10,0,7,1542,-37,-5,4862,-1547,0,19.956251237738893,0.9399534997108394
434,242,-6,-1,6,1542,-37,-5,4837,-1512,0,19.955728808079563,0.9399566117084122
435,246,-6,-1,6,1575,-33,11,4862,-1527,0,19.950794673810766,0.93998599939706
436,1,-6,-1,6,1575,-33,11,4862,-1527,0,19.94594005730453,0.9400149066747214
437,5,-8,0,8,1609,-28,26,4872,-1507,0,19.93696507179041,0.9400683313123974
438,9,-8,0,8,1609,-28,26,4907,-1442,0,19.928052254317844,0.9401213630602444
439,13,-5,0,5,1644,-22,40,4862,-1430,0,19.915301434532104,0.9401971915770205
440,17,-5,0,5,1644,-22,40,4882,-1400,0,19.902594142262735,0.9402727149119412
441,21,-5,0,5,1681,-16,53,4882,-1400,0,19.886286059072802,0.9403695710853869
442,25,-9,1,5,1681,-16,53,4862,-1350,0,19.87000412415159,0.9404661959602552
443,29,-9,1,5,1719,-9,63,4877,-1350,0,19.85098717484441,0.9405789555779083
444,33,-8,2,7,1719,-9,63,4882,-1287,-1,19.831977910792368,0.9406915660720445
445,37,-8,2,7,1757,-5,70,4882,-1287,-1,19.810991526703575,0.940815768724305
446,41,-9,1,5,1757,-5,70,4892,-1297,0,19.79000370009128,0.9409398536789112
447,45,-9,1,5,1793,-1,76,4887,-1237,-1,19.767303180190403,0.9410739223467846
448,49,-9,1,5,1793,-1,76,4877,-1242,-1,19.74459270249856,0.9412079020042234
449,53,-8,0,8,1827,4,80,4912,-1187,-1,19.720748093073343,0.9413484132954975
450,57,-8,0,8,1827,4,80,4862,-1182,-1,19.696882870811343,0.9414888828056606
451,61,-6,1,7,1860,7,81,4862,-1182,-1,19.672724227429796,0.9416309130099041
452,65,-6,1,7,1860,7,81,4897,-1145,-1,19.64854035376239,0.9417729238725896
453,69,-6,1,7,1892,9,81,4862,-1130,-1,19.62433775436487,0.9419148767154567
454,73,-9,2,6,1892,9,81,4897,-1145,-1,19.600108249281416,0.9420568190148266
455,77,-9,2,6,1924,10,80,4887,-1090,-1,19.576149222298387,0.942197011129303
456,81,-8,0,7,1924,10,80,4912,-1045,-1,19.552164535601772,0.9423371883688337
457,85,-8,0,7,1954,11,78,4912,-1045,-1,19.528744492264902,0.942473906234409
458,89,-8,0,7,1954,11,78,4887,-1022,-1,19.5052999849664,0.942610609194455
459,93,-11,2,6,1981,12,75,4857,-1032,-2,19.48271348206128,0.9427421599384423
460,97,-11,2,6,1981,12,75,4902,-1002,-2,19.460103467866162,0.942873700887874
461,101,-9,1,5,2008,12,72,4887,-977,-2,19.438366835442526,0.9430000222309456
462,105,-9,1,5,2008,12,72,4887,-977,-2,19.416610457411423,0.9431263224174018
463,109,-9,1,5,2035,13,68,4917,-962,-2,19.395999501124425,0.9432458477621605
464,113,-9,2,5,2035,13,68,4887,-895,-2,19.37536895985535,0.9433653644477653
465,117,-9,2,5,2060,13,63,4877,-865,-2,19.356206382668184,0.9434762673723313
466,121,-9,2,5,2060,13,63,4907,-855,-2,19.337026725283984,0.9435871634726768
467,125,-9,2,5,2085,13,57,4907,-855,-2,19.31960973552606,0.94368777628609
468,129,-9,2,5,2085,13,57,4872,-860,-2,19.302177173566875,0.9437883917359667
469,133,-9,1,6,2109,11,50,4892,-820,-2,19.28689243861304,0.9438765386970002
470,137,-9,1,6,2109,11,50,4892,-772,-2,19.271598816604154,0.943964669679414
471,141,-8,1,7,2131,9,42,4977,-717,-3,19.258759057615826,0.9440386081031711
472,145,-8,1,7,2131,9,42,4977,-717,-3,19.24591568109029,0.9441125199299472
473,149,-5,1,3,2152,6,35,4942,-717,-3,19.235301393411746,0.9441735678604808
474,153,-5,1,3,2152,6,35,4932,-692,-3,19.224691690416904,0.9442345570400319
475,157,-5,1,3,2171,0,28,4917,-687,-3,19.216529242269022,0.9442814562999113
476,161,-5,7,5,2171,0,28,4917,-687,-3,19.208388692471136,0.9443282106502587
477,165,-5,7,5,2191,-5,22,4927,-640,-3,19.202378084914226,0.9443627196784975
478,169,-15,4,6,2191,-5,22,4912,-682,-3,19.196403415274908,0.944397012074692
479,173,-15,4,6,2212,-12,14,4887,-590,-3,19.19333224562227,0.9444146354577183
480,177,-15,4,6,2212,-12,14,4917,-600,-4,19.190315225371787,0.944431945471512
481,181,-10,3,3,2234,-18,5,4917,-555,-4,19.19045061374413,0.9444311687431227
482,185,-10,3,3,2234,-18,5,4917,-555,-4,19.190652684523315,0.9444300094453475
483,189,-12,4,7,2254,-25,-6,4942,-467,-4,19.194702603666748,0.9444067722271544
484,193,-12,4,7,2254,-25,-6,4962,-477,-4,19.19883125426337,0.9443830784145454
485,197,-12,4,7,2272,-32,-17,4962,-477,-4,19.206841333712383,0.9443370955786379
486,201,-10,3,6,2272,-32,-17,4952,-432,-4,19.21494002166297,0.9442905853107024
487,205,-10,3,6,2287,-39,-29,4952,-482,-4,19.227228392908636,0.9442199779177555
488,209,-10,2,6,2287,-39,-29,4952,-482,-4,19.239611476290072,0.9441487823850289
489,213,-10,2,6,2302,-45,-40,4917,-380,-5,19.255813998468177,0.9440555606962782
490,217,-10,2,6,2302,-45,-40,4927,-360,-5,19.272112696293334,0.943961709489718
491,221,-6,1,7,2315,-52,-50,4907,-350,-5,19.292088330761914,0.9438465815585175
492,225,-6,1,7,2315,-52,-50,4947,-340,-5,19.31216414620978,0.9437307606531959
493,229,-10,2,5,2328,-58,-59,4947,-340,-5,19.3355383031338,0.9435957650559156
494,233,-10,2,5,2328,-58,-59,4952,-345,-5,19.359012452388612,0.9434600339108685
495,237,-6,1,4,2342,-65,-67,4927,-290,-6,19.38566297467102,0.9433057445315058
496,241,-6,1,4,2342,-65,-67,4957,-270,-6,19.41241636850497,0.9431506543203251
497,245,-6,1,4,2357,-71,-73,4902,-207,-6,19.44169903956327,0.9429806661025647
498,0,-8,3,7,2357,-71,-73,4902,-207,-6,19.471085674693875,0.9428098267437186
499,4,-8,3,7,2374,-76,-78,4932,-187,-6,19.50261209488724,0.9426262719726475
500,8,-10,3,6,2374,-76,-78,4907,-182,-6,19.534240459305202,0.9424418368777013
501,12,-10,3,6,2395,-81,-84,4962,-202,-6,19.56827572329904,0.9422430455849575
502,16,-10,3,6,2395,-81,-84,4857,-167,-6,19.60240743896661,0.9420433570400353
503,20,-5,2,7,2418,-85,-89,4857,-167,-6,19.63853514857583,0.9418316266783667
504,24,-5,2,7,2418,-85,-89,4912,-187,-7,19.674750913781835,0.9416190044242889
505,28,-8,2,8,2441,-89,-95,4922,-132,-7,19.713205761712853,0.9413928247349105
506,32,-8,2,8,2441,-89,-95,4917,-192,-7,19.75173644004577,0.9411657737186667
507,36,-8,2,8,2464,-92,-99,4917,-192,-7,19.791831889207106,0.9409290500156309
508,40,-10,3,7,2464,-92,-99,4937,-95,-7,19.831990646014393,0.9406914906635084
509,44,-10,3,7,2487,-94,-104,4937,-95,-7,19.873759147645135,0.9404439185727388
510,48,-7,2,6,2487,-94,-104,4907,20,-8,19.915571553268375,0.9401955856765399
511,52,-7,2,6,2510,-95,-107,4922,-60,-8,19.95830819804085,0.9399412460951059
512,56,-7,2,6,2510,-95,-107,4902,-35,-8,20.001069955143283,0.9396862336557854
513,60,-8,1,8,2532,-96,-110,4902,-35,-8,20.044727840847536,0.9394253371116625
514,64,-8,1,8,2532,-96,-110,4952,5,-8,20.08839121109817,0.9391638622552652
515,68,-15,3,8,2553,-98,-112,4947,-30,-9,20.132896870003165,0.9388967821136698
516,72,-15,3,8,2553,-98,-112,4947,-15,-9,20.17739317960428,0.9386291917520151
517,76,-15,3,8,2574,-98,-113,4937,-10,-9,20.22209002895795,0.9383598254541066
518,80,-10,2,5,2574,-98,-113,4967,35,-9,20.26675891643338,0.9380900571496367
519,84,-10,2,5,2593,-98,-113,4967,35,-9,20.311391684927997,0.9378199374926801
520,88,-4,0,6,2593,-98,-113,4952,35,-9,20.355980411872952,0.9375495161281504
521,92,-4,0,6,2610,-99,-112,4962,25,-9,20.400526471005367,0.9372787865449235
522,96,-3,-1,8,2610,-99,-112,4937,-5,-10,20.44501791696425,0.9370078233607656
523,100,-3,-1,8,2624,-100,-110,4962,25,-10,20.489266760514553,0.9367377772906083
524,104,-3,-1,8,2624,-100,-110,4962,25,-10,20.53345334281889,0.9364675536755597
525,108,-7,2,6,2637,-101,-106,4977,55,-10,20.577017824468015,0.9362005892659299
526,112,-7,2,6,2637,-101,-106,4967,55,-10,20.62051855241204,0.935933475489747
527,116,-7,1,7,2654,-102,-98,4917,45,-10,20.662672166034692,0.9356741188921871
528,120,-7,1,7,2654,-102,-98,4892,90,-10,20.704773314597286,0.9354145795746318
529,124,-7,1,7,2674,-103,-90,4892,90,-10,20.745595471324624,0.9351624425246872
530,128,-7,-3,9,2674,-103,-90,4937,25,-11,20.786377452797765,0.9349100796009562
531,132,-7,-3,9,2695,-105,-84,4952,65,-11,20.826544046310982,0.9346610617710143
532,136,-6,-1,7,2695,-105,-84,4977,60,-11,20.866679461051703,0.9344117784275803
533,140,-6,-1,7,2713,-107,-78,4992,65,-12,20.906259394800827,0.9341654961727823
534,144,-6,-1,7,2713,-107,-78,4992,65,-12,20.945817674205443,0.9339189032374693
535,148,-12,2,5,2729,-108,-72,4977,25,-12,20.984629928220265,0.9336765281026365
536,152,-12,2,5,2729,-108,-72,4942,50,-12,21.023428267860872,0.9334338116518817
537,156,-5,0,6,2744,-107,-66,4952,65,-12,21.06102374440417,0.9331982118054098
538,160,-5,0,6,2744,-107,-66,4952,65,-12,21.098609297026744,0.9329622725176787
539,164,-5,0,6,2759,-105,-60,5002,5,-12,21.134775684393855,0.932734862862298
540,168,-9,1,6,2759,-105,-60,5002,5,-12,21.170934984774917,0.9325071262375789
541,172,-9,1,6,2773,-102,-54,4952,-30,-13,21.20545065577846,0.9322893949680396
542,176,-7,1,6,2773,-102,-54,4962,0,-13,21.239961209458773,0.9320713577266309
543,180,-7,1,6,2787,-98,-50,4932,15,-13,21.27285915331454,0.9318631941161785
544,184,-7,1,6,2787,-98,-50,4932,15,-13,21.30574557276969,0.9316547963720323
545,188,-8,0,7,2799,-94,-47,4947,-70,-14,21.337153429719383,0.9314554815769722
546,192,-8,0,7,2799,-94,-47,5022,-45,-14,21.36854067484758,0.9312560179664338
547,196,-4,0,9,2808,-90,-44,5007,-70,-14,21.3984505783977,0.9310656827056157
548,200,-4,0,9,2808,-90,-44,5002,-55,-14,21.42833199404811,0.9308752753672728
549,204,-8,2,10,2814,-86,-42,5027,-132,-14,21.456847250675075,0.9306933372365365
550,208,-8,2,10,2814,-86,-42,5027,-132,-14,21.48532334815999,0.930511418906699
551,212,-8,2,10,2824,-82,-40,4987,-125,-14,21.512427139186478,0.9303380539990911
552,216,-8,1,6,2824,-82,-40,4982,-120,-15,21.53948216924822,0.9301647933564108
553,220,-8,1,6,2836,-76,-37,4992,-120,-15,21.5645001828702,0.9300043932180221
554,224,-9,3,6,2836,-76,-37,4992,-172,-15,21.589462452049123,0.9298441737559764
555,228,-9,3,6,2850,-70,-33,4992,-172,-15,21.612308353536275,0.9296973834420881
556,232,-9,3,6,2850,-70,-33,5007,-217,-15,21.635097313633416,0.9295508117291157
557,236,-6,1,7,2865,-63,-28,4997,-252,-16,21.65542543696634,0.9294199432825402
558,240,-6,1,7,2865,-63,-28,4977,-222,-16,21.675700346066947,0.9292893008842867
559,244,-5,0,8,2879,-56,-22,4967,-222,-16,21.693481863998226,0.9291746289976103
560,0,-5,0,8,2879,-56,-22,4967,-222,-16,21.711220355583176,0.9290601454165388
561,4,-5,0,8,2892,-51,-18,4997,-270,-16,21.727216636602858,0.9289568296390287
562,8,-8,1,9,2892,-51,-18,5012,-280,-16,21.743175248016637,0.928853685006879
563,12,-8,1,9,2905,-46,-15,5037,-355,-16,21.757472785622,0.9287612151246694
564,16,-8,0,7,2905,-46,-15,5042,-392,-16,21.77173516119888,0.9286689150336745
565,20,-8,0,7,2916,-43,-13,5042,-392,-16,21.784991576771496,0.9285830734932694
566,24,-8,0,7,2916,-43,-13,5042,-392,-16,21.798213496376174,0.9284974058162103
567,28,-4,-2,7,2924,-42,-11,5057,-467,-17,21.811040368385907,0.928414250486624
568,32,-4,-2,7,2924,-42,-11,5067,-477,-17,21.823835176101525,0.9283312566704416
569,36,-10,2,6,2932,-40,-9,5067,-477,-17,21.835956454598648,0.9282525890142843
570,40,-10,2,6,2932,-40,-9,4997,-565,-17,21.84804817038263,0.9281740718284538
571,44,-5,1,7,2940,-37,-8,4997,-565,-17,21.859199165516664,0.928101626543325
572,48,-5,1,7,2940,-37,-8,5022,-595,-17,21.870319032543307,0.9280293484827244
573,52,-5,1,7,2945,-33,-6,4997,-662,-18,21.880203623616055,0.9279650702497907
574,56,-8,1,7,2945,-33,-6,4982,-687,-18,21.890060946816728,0.9279009418317885
575,60,-8,1,7,2952,-30,-6,4982,-687,-18,21.89899165222109,0.9278428179630213
576,64,-9,1,8,2952,-30,-6,5022,-732,-18,21.90789083217296,0.9277848768487102
577,68,-9,1,8,2959,-27,-7,5057,-785,-18,21.91584469530354,0.9277330715964263
578,72,-9,1,8,2959,-27,-7,5087,-850,-18,21.923759076122646,0.9276815057553625
579,76,-10,1,7,2962,-24,-9,5077,-845,-18,21.93068835056097,0.9276363438037573
580,80,-10,1,7,2962,-24,-9,5022,-885,-18,21.937566602716988,0.9275915009745924
581,84,-9,2,8,2964,-23,-11,5022,-885,-18,21.944027211165675,0.9275493688023345
582,88,-9,2,8,2964,-23,-11,5057,-947,-19,21.950425138632966,0.9275076337751279
583,92,-9,2,8,2967,-22,-13,5002,-927,-19,21.956376896027002,0.9274687988256979
584,96,-8,1,6,2967,-22,-13,5027,-987,-19,21.96225472476675,0.9274304364351722
585,100,-8,1,6,2970,-21,-16,5082,-1045,-19,21.967606663217516,0.9273954978443133
586,104,-8,1,7,2970,-21,-16,5082,-1045,-19,21.972869461371893,0.9273611332895371
587,108,-8,1,7,2974,-20,-19,5067,-1055,-19,21.977566130826087,0.9273304587850286
588,112,-8,1,7,2974,-20,-19,5037,-1130,-19,21.98215896945002,0.9273004563859135
589,116,-9,1,6,2979,-20,-22,5072,-1202,-19,21.986437229758536,0.9272725035874679
590,120,-9,1,6,2979,-20,-22,5102,-1242,-19,21.99059642992711,0.9272453237340278
591,124,-6,1,4,2985,-21,-24,5102,-1242,-19,21.994766615107647,0.9272180671893573
592,128,-6,1,4,2985,-21,-24,5062,-1310,-20,21.9988058729051,0.9271916617098148
593,132,-6,1,4,2994,-22,-25,5082,-1350,-20,22.00291149722361,0.9271648176559864
594,136,-9,2,8,2994,-22,-25,5077,-1400,-20,22.006878416768345,0.927138875981881
595,140,-9,2,8,3002,-24,-25,5102,-1457,-20,22.011271776257242,0.9271101404167126
596,144,-4,0,8,3002,-24,-25,5102,-1457,-20,22.015521357882797,0.9270823400703808
597,148,-4,0,8,3009,-26,-25,5102,-1457,-20,22.020186142678284,0.9270518176339095
598,152,-10,3,5,3009,-26,-25,5067,-1547,-20,22.0247017239653,0.9270222656066447
599,156,-10,3,5,3016,-29,-25,5032,-1590,-20,22.029897156387488,0.9269882571992886
600,160,-10,3,5,3016,-29,-25,5032,-1590,-20,22.034935854612147,0.9269552674664201
601,164,-11,3,7,3023,-33,-24,5067,-1712,-20,22.041030789326015,0.9269153526843937
602,168,-11,3,7,3023,-33,-24,5067,-1712,-20,22.046963036228806,0.9268764932468565
603,172,-5,1,5,3031,-35,-22,5057,-1777,-20,22.05352940277585,0.9268334683954333
604,176,-5,1,5,3031,-35,-22,5077,-1792,-21,22.05993401950937,0.9267914916513385
605,180,-5,1,5,3038,-38,-20,5067,-1900,-21,22.067247070576062,0.9267435467422495
606,184,-13,3,8,3038,-38,-20,5067,-1900,-21,22.07439668058998,0.9266966587695441
607,188,-13,3,8,3044,-41,-19,5077,-1935,-21,22.082309694139273,0.9266447474847802
608,192,-4,-1,6,3044,-41,-19,5132,-1982,-21,22.09005289904684,0.9265939330759854
609,196,-4,-1,6,3050,-44,-17,5122,-1977,-21,22.098701311663156,0.9265371582787384
610,200,-4,-1,6,3050,-44,-17,5092,-2032,-21,22.107176644181866,0.9264814992310468
611,204,-9,2,5,3055,-46,-16,5082,-2125,-21,22.116141390298566,0.9264226040532553
612,208,-9,2,5,3055,-46,-16,5082,-2125,-21,22.1249277094862,0.9263648590693799
613,212,-6,1,10,3061,-49,-15,5067,-2227,-21,22.134441579693743,0.9263023079479188
614,216,-6,1,10,3061,-49,-15,5087,-2287,-21,22.143768586241293,0.9262409606119005
615,220,-6,1,10,3067,-50,-13,5067,-2317,-21,22.15350165449,0.9261769162795942
616,224,-14,5,7,3067,-50,-13,5057,-2405,-21,22.163047679363455,0.9261140767455837
617,228,-14,5,7,3072,-51,-10,5057,-2405,-21,22.17319344315926,0.926047261071478
618,232,-8,0,9,3072,-51,-10,5057,-2465,-21,22.183155164140988,0.9259816291728028
619,236,-8,0,9,3078,-52,-7,5052,-2507,-21,22.193735272551514,0.9259118924326419
620,240,-8,0,9,3078,-52,-7,5027,-2602,-21,22.20413371157915,0.9258433223674434
621,244,-2,-1,10,3083,-54,-4,5047,-2655,-21,22.2153911972869,0.9257690531426572
622,248,-2,-1,10,3083,-54,-4,5047,-2655,-21,22.226465830128078,0.9256959553837667
623,2,-9,0,8,3084,-56,0,5047,-2655,-21,22.238612221413696,0.9256157437508372
624,6,-9,0,8,3084,-56,0,5092,-2742,-21,22.25057725323495,0.9255366890972963
625,10,-8,0,7,3086,-59,3,5087,-2817,-21,22.263626791988766,0.9254504229377848
626,14,-8,0,7,3086,-59,3,5057,-2812,-21,22.276488999828924,0.9253653481830809
627,18,-8,0,7,3085,-61,7,5067,-2885,-21,22.290444185521643,0.9252729913774966
628,22,-3,-1,6,3085,-61,7,5067,-2885,-21,22.304211618029086,0.9251818233535672
629,26,-3,-1,6,3082,-65,9,5057,-2970,-21,22.31902578525607,0.9250836641815009
630,30,-4,0,5,3082,-65,10,5072,-3002,-21,22.333866451777002,0.9249852674152336
631,34,-4,0,5,3081,-67,10,5072,-3002,-21,22.348884304245487,0.9248856326949819
632,38,-4,0,5,3081,-67,10,5072,-3180,-21,22.363689597299917,0.9247873459838613
633,42,-5,1,7,3080,-69,10,5072,-3180,-21,22.37864387550803,0.9246880075326823
634,46,-5,1,7,3080,-69,12,5077,-3277,-21,22.393851305952687,0.9245869228390712
635,50,-6,1,4,3079,-71,12,5077,-3292,-21,22.4091843969871,0.9244849369275645
636,54,-6,1,4,3079,-73,15,5122,-3332,-21,22.42536044936478,0.9243772724081961
637,58,-6,1,4,3077,-73,15,5122,-3332,-21,22.441298358776162,0.9242711208591788
638,62,-3,0,6,3077,-76,18,5057,-3460,-21,22.458236404980475,0.924158229690079
639,66,-3,0,6,3076,-76,18,5022,-3475,-21,22.474925233543587,0.9240469205510795
640,70,-5,1,6,3076,-78,21,4997,-3537,-21,22.49243851855195,0.9239300282496539
641,74,-5,1,6,3074,-78,21,5032,-3602,-21,22.509694527956714,0.9238147687018019
642,78,-5,1,6,3074,-81,25,5012,-3617,-21,22.52817288834252,0.9236912516908765
643,82,-11,1,8,3074,-81,25,5012,-3617,-21,22.54638337370764,0.9235694312719138
644,86,-11,1,8,3074,-82,28,5047,-3745,-21,22.5652547465328,0.9234430913592628
645,90,-9,2,7,3074,-82,28,5062,-3852,-21,22.58385232509872,0.9233184864338271
646,94,-9,2,7,3075,-83,31,5037,-3985,-21,22.60310902459258,0.9231893628459963
647,98,-7,-1,7,3075,-83,31,5082,-3920,-21,22.622085346799345,0.9230620172803001
648,102,-7,-1,7,3076,-83,34,5082,-3920,-21,22.641594006611545,0.9229309937703094
649,106,-7,-1,7,3076,-83,34,5032,-4025,-20,22.660819097666035,0.9228017700795687
650,110,-10,2,9,3079,-83,35,5047,-4057,-20,22.680032045626028,0.9226725242121939
651,114,-10,2,9,3079,-83,35,5027,-4162,-20,22.698954288263472,0.9225451325173157
652,118,-8,3,8,3083,-83,36,5022,-4142,-20,22.717860605993668,0.9224177475411666
653,122,-8,3,8,3083,-83,36,5022,-4142,-20,22.736468993069526,0.9222922718544333
654,126,-8,3,8,3088,-82,37,5022,-4142,-20,22.754959206305454,0.9221674966505339
655,130,-5,1,4,3088,-82,37,5062,-4290,-20,22.773148263780932,0.9220446599929133
656,134,-5,1,4,3091,-82,37,5002,-4382,-20,22.791031811258,0.921923795948465
657,138,-4,0,6,3091,-82,37,5062,-4417,-20,22.808605876923163,0.9218049360050222
658,142,-4,0,6,3093,-80,35,5077,-4455,-20,22.82512907192443,0.921693104390442
659,146,-4,0,6,3093,-80,35,5077,-4455,-20,22.841340920963244,0.9215833055148027
660,150,-8,2,11,3091,-77,32,5027,-4530,-20,22.856151670018352,0.9214829314520547
661,154,-8,2,11,3091,-77,32,5037,-4572,-19,22.870653762280497,0.921384589527648
662,158,-6,5,15,3087,-75,28,5037,-4572,-19,22.883549106037595,0.921297093743046
663,162,-6,5,15,3087,-75,28,5042,-4622,-19,22.896134821818368,0.9212116538045324
664,166,-6,5,15,3082,-71,23,5042,-4622,-19,22.906722090207143,0.9211397461897826
665,170,-7,4,8,3082,-71,23,5017,-4715,-19,22.9170080494759,0.9210698549128423
666,174,-7,4,8,3076,-67,17,5042,-4755,-19,22.9250372829715,0.9210152770587504
667,178,-10,4,7,3076,-67,17,5027,-4770,-19,22.93277476352046,0.9209626652507865
668,183,-10,4,7,3068,-60,12,5027,-4770,-19,22.938483857176355,0.9209238349032595
669,187,-10,4,7,3068,-60,12,5002,-4927,-19,22.94392637209948,0.9208868091754461
670,191,-5,3,9,3059,-50,4,4982,-4975,-18,22.94645124776568,0.9208696294861085
671,195,-5,3,9,3059,-50,4,4972,-5020,-18,22.948748755484246,0.9208539952935191
672,199,-4,2,10,3050,-40,-4,5037,-5050,-18,22.948254732401583,0.9208573571708512
673,203,-4,2,10,3050,-40,-4,4967,-5102,-18,22.947575487828562,0.9208619793874928
674,207,-8,3,10,3039,-30,-14,4967,-5102,-18,22.943638776868195,0.9208887659095346
675,211,-8,3,10,3039,-30,-14,5027,-5157,-18,22.93956183063721,0.9209165020505403
676,215,-8,3,10,3025,-21,-26,4972,-5187,-18,22.93176574695719,0.9209695271167397
677,219,-6,3,8,3025,-21,-26,4977,-5255,-18,22.92387344189005,0.9210231892646414
678,223,-6,3,8,3009,-11,-39,4972,-5270,-18,22.91210391866546,0.9211031813184885
679,227,-2,2,8,3009,-11,-39,4972,-5270,-18,22.900290806245568,0.9211834305449467
680,231,-2,2,8,2991,-3,-53,4972,-5270,-18,22.8844155973848,0.9212912128669963
681,235,-2,2,8,2991,-3,-53,5007,-5377,-17,22.86854453622336,0.9213988963287211
682,239,-6,3,9,2970,4,-68,4977,-5357,-17,22.848418449733046,0.9215353480119757
683,243,-6,3,9,2970,4,-68,4957,-5407,-17,22.82834413763092,0.9216713354049425
684,247,-6,3,8,2949,11,-83,4962,-5447,-17,22.80414401571591,0.9218351214465863
685,2,-6,3,8,2949,11,-83,4962,-5447,-17,22.780047583357412,0.921998042320943
686,6,-6,3,8,2925,15,-99,5002,-5477,-17,22.75152528311214,0.9221906766290554
687,10,-8,3,8,2925,15,-99,5007,-5500,-16,22.723149286109035,0.922382096057021
688,14,-8,3,8,2897,18,-116,4947,-5540,-16,22.6901031880853,0.9226047339978455
689,18,-7,2,8,2897,18,-116,4962,-5580,-16,22.65724630760559,0.922825792864836
690,22,-7,2,8,2868,20,-132,4962,-5580,-16,22.620048774927447,0.9230756890781597
691,26,-7,2,8,2868,20,-132,4982,-5622,-16,22.583081955016546,0.9233236498924065
692,30,-10,3,9,2840,21,-148,5017,-5622,-16,22.541795019676762,0.9236001342058417
693,34,-10,3,9,2840,21,-148,5017,-5622,-16,22.500779807244374,0.9238743240261573
694,38,-5,1,8,2814,21,-163,5032,-5682,-15,22.45573805354298,0.9241748861464743
695,42,-5,1,8,2814,21,-163,5032,-5682,-15,22.41100731249999,0.92447280765613
696,46,-5,1,8,2791,21,-178,4952,-5717,-15,22.36233141979751,0.9247963649804564
697,50,-4,0,7,2791,21,-178,5007,-5722,-15,22.31401015414619,0.9251169048474204
698,54,-4,0,7,2770,22,-192,4992,-5760,-15,22.262216383667518,0.9254597489919688
699,58,-3,0,6,2770,22,-192,4992,-5760,-15,22.210828191924904,0.925799161052169
700,62,-3,0,6,2754,21,-204,5032,-5755,-14,22.156410339916317,0.9261577717202163
701,66,-8,1,8,2754,21,-204,5012,-5755,-14,22.102440569308968,0.9265126043938374
702,70,-8,1,8,2744,20,-212,4992,-5737,-14,22.0466173062181,0.9268787582387725
703,74,-8,1,8,2744,20,-212,5007,-5825,-14,21.991280903914035,0.927240850313818
704,78,-11,2,6,2737,19,-218,5017,-5800,-14,21.93469426251577,0.9276102288490142
705,82,-11,2,6,2737,19,-218,5017,-5800,-14,21.87863174268257,0.9279752938375287
706,86,-10,3,7,2733,15,-220,5027,-5855,-14,21.82203164994121,0.9283429580875313
707,90,-10,3,7,2733,15,-220,5017,-5850,-14,21.765971954214145,0.9287062190118774
708,94,-10,3,7,2729,12,-220,5027,-5865,-13,21.710034749142693,0.9290678000546536
709,98,-8,2,7,2729,12,-220,5037,-5850,-13,21.65465440242487,0.9294249091854618
710,102,-8,2,7,2728,7,-217,5037,-5850,-13,21.599855981474576,0.929777411202252
711,106,-8,2,8,2728,7,-217,5037,-5850,-13,21.545614473797528,0.9301254931921275
712,110,-8,2,8,2730,1,-210,5072,-5922,-13,21.492749172301966,0.9304639415611408
713,114,-8,2,8,2730,1,-210,5052,-5962,-12,21.440425164093742,0.9307981445192152
714,118,-1,-7,9,2732,-7,-202,5107,-5947,-12,21.389288185421737,0.9311240156528469
715,122,-1,-7,9,2732,-7,-202,5047,-5917,-12,21.338664001637415,0.931445888406859
716,126,-1,-5,6,2734,-15,-194,5047,-5917,-12,21.289093129204346,0.931760359501359
717,130,-1,-5,6,2734,-15,-194,5067,-5952,-12,21.240005413152367,0.9320710782313968
718,134,-1,-5,6,2736,-23,-186,5047,-5972,-12,21.191836101383377,0.9323753185188861
719,138,-20,3,8,2736,-23,-186,5067,-5967,-12,21.144119347227942,0.93267605068237
720,142,-20,3,8,2738,-29,-177,5047,-5997,-11,21.097797003886523,0.9329673758459476
721,146,-12,0,5,2738,-29,-177,5047,-5997,-11,21.051900297188194,0.9332554227035592
722,150,-12,0,5,2738,-31,-166,5077,-6035,-11,21.00851340462898,0.9335271673940727
723,154,-2,-4,7,2738,-31,-166,5047,-6010,-11,20.965531863729858,0.9337958454265856
724,158,-2,-4,7,2738,-33,-152,5022,-6020,-11,20.925611274687494,0.9340449187276405
725,162,-2,-4,7,2738,-33,-152,5047,-6025,-11,20.886063014514047,0.9342912218752022
726,166,-5,-2,8,2740,-33,-137,5047,-6025,-11,20.850073422182763,0.9345149750946506
727,170,-5,-2,8,2740,-33,-137,5067,-6030,-10,20.81442396626851,0.9347362501225069
728,174,-7,-2,9,2742,-35,-121,5047,-6045,-10,20.781971618805255,0.93493736615978
729,178,-7,-2,9,2742,-35,-121,5052,-6030,-10,20.74981382815245,0.9351363608830952
730,182,-7,-2,9,2744,-36,-104,5052,-6030,-10,20.721109516529,0.9353137364066306
731,186,-15,0,10,2744,-36,-104,5042,-6065,-10,20.692651247350724,0.935489359794025
732,190,-15,0,10,2748,-35,-86,5042,-6010,-10,20.66812622644548,0.9356405249390587
733,194,-7,-1,11,2748,-35,-86,5057,-6060,-10,20.643798687444107,0.9357903034994695
734,198,-7,-1,11,2754,-32,-68,5037,-6100,-9,20.62370606145563,0.9359138815533637
735,202,-7,-1,11,2754,-32,-68,5037,-6050,-9,20.603765202895897,0.936036412377901
736,206,-3,-4,9,2762,-28,-49,5037,-6050,-9,20.588320067004467,0.9361312403655511
737,210,-3,-4,9,2762,-28,-49,5037,-6085,-9,20.57297690544046,0.9362253749110411
738,214,-9,0,9,2772,-21,-31,4997,-6105,-9,20.56252955585856,0.9362894338733082
739,218,-9,0,9,2772,-21,-31,5022,-6110,-9,20.55214241951341,0.9363530927708862
740,222,-9,0,9,2784,-13,-13,5032,-6095,-8,20.54676217535028,0.9363860541892188
741,226,-8,-1,9,2784,-13,-13,5022,-6142,-8,20.541399029347662,0.9364189026402117
742,230,-8,-1,9,2797,-4,5,5022,-6142,-8,20.54115825283888,0.9364203771671514
743,234,-11,0,9,2797,-4,5,5022,-6095,-8,20.54088993523067,0.9364220203376286
744,238,-11,0,9,2810,9,21,5007,-6075,-8,20.546344834905852,0.9363886106301489
745,242,-11,0,9,2810,9,21,5037,-6085,-7,20.551739607885242,0.9363555608337878
746,246,-11,0,8,2824,23,34,4997,-6100,-7,20.56259789726563,0.9362890149323284
747,1,-11,0,8,2824,23,34,4997,-6100,-7,20.573372174593427,0.9362229506678045
748,5,-6,0,8,2836,38,46,4987,-6110,-7,20.589674980316037,0.9361229243712277
749,9,-6,0,8,2836,38,46,4972,-6125,-7,20.605871183983172,0.9360234770860508
750,13,-6,-1,9,2848,54,56,4937,-6080,-7,20.627555235927474,0.9358902164325589
751,17,-6,-1,9,2848,54,56,5017,-6120,-6,20.649115038106796,0.93575758646537
752,21,-6,-1,9,2858,69,65,5017,-6120,-6,20.675728621222135,0.9355936843060209
753,25,-4,-2,9,2858,69,65,5012,-6085,-6,20.70219820177573,0.9354304687755338
754,29,-4,-2,9,2868,85,72,4987,-6045,-6,20.733737189046266,0.9352357338404818
755,33,-10,1,8,2868,85,72,4937,-6085,-6,20.765117661517404,0.9350416963936404
756,37,-10,1,8,2877,100,79,4962,-6020,-5,20.80126290399388,0.934817848960624
757,41,-10,1,8,2877,100,79,4962,-6020,-5,20.837229713453894,0.9345947372780199
758,45,-11,3,11,2886,115,84,4942,-6070,-5,20.877738854523027,0.9343430073218917
759,49,-11,3,11,2886,115,84,4922,-6015,-5,20.918053760851887,0.9340920206695152
760,53,-9,0,7,2897,128,89,4907,-6035,-5,20.962318125657983,0.9338159134218835
761,57,-9,0,7,2897,128,89,4907,-6035,-5,21.006366401038733,0.933540600801338
762,61,-9,0,7,2908,141,92,4912,-6030,-4,21.054176824146467,0.9332411493773289
763,65,-2,0,9,2908,141,92,4892,-6035,-4,21.10175413721891,0.9329425129167791
764,69,-2,0,9,2916,153,92,4912,-5982,-4,21.152581996762187,0.9326227624926164
765,73,-7,1,8,2916,153,92,4872,-5982,-4,21.203168050427305,0.9323038045152169
766,77,-7,1,8,2923,165,91,4932,-5957,-4,21.25695779523844,0.9319638492273447
767,81,-7,1,8,2923,165,91,4932,-5957,-4,21.310498510167978,0.931624652125971
768,85,-5,0,6,2928,176,88,4867,-5957,-3,21.366865760394543,0.9312666689825331
769,89,-5,0,6,2928,176,88,4887,-5937,-3,21.422981751792552,0.9309093862503725
770,93,3,-3,6,2934,186,85,4852,-5902,-3,21.481666192342992,0.9305347953549495
771,97,3,-3,6,2934,186,85,4882,-5912,-3,21.54009417539046,0.9301608716648739
772,101,3,-3,6,2937,195,80,4830,-5865,-2,21.60075681052994,0.9297716233104585
773,105,-6,1,8,2937,195,80,4830,-5865,-2,21.661163699206043,0.9293829803081277
774,109,-6,1,8,2941,202,73,4830,-5825,-2,21.723209651409423,0.9289827165014559
775,113,-7,2,7,2941,202,73,4837,-5765,-2,21.78500620461166,0.9285829787436518
776,117,-7,2,7,2945,209,64,4862,-5737,-2,21.84847968690748,0.9281712690251495
777,121,-4,0,7,2945,209,64,4815,-5722,-1,21.91171703543752,0.9277599581806774
778,125,-4,0,7,2946,214,53,4815,-5722,-1,21.97611215122085,0.92733995556398
779,129,-4,0,7,2946,214,53,4810,-5702,-1,22.0402914984516,0.9269201947446386
780,133,-5,2,9,2945,218,40,4815,-5677,-1,22.105449176218738,0.9264928454717861
781,137,-5,2,9,2945,218,40,4805,-5585,-1,22.170419224188702,0.9260655337791631
782,141,-2,5,6,2943,218,28,4790,-5550,0,22.235304959723155,0.9256375881748449
783,145,-2,5,6,2943,218,28,4790,-5550,0,22.30002695222353,0.9252095398875894
784,149,-2,5,6,2939,216,16,4770,-5575,-1,22.364198488159975,0.9247839665531974
785,153,-2,0,4,2939,216,16,4765,-5485,0,22.428231006454705,0.9243581588653076
786,157,-2,0,4,2933,212,6,4790,-5520,0,22.49119556360759,0.9239383271899605
787,161,-14,4,5,2933,212,6,4795,-5490,0,22.554038614613674,0.9235181931048835
788,165,-14,4,5,2924,207,-6,4795,-5490,0,22.615700535324063,0.9231048755284293
789,169,-14,4,5,2924,207,-6,4760,-5447,0,22.677268767257406,0.9226911192266665
790,173,1,1,6,2916,201,-18,4760,-5372,0,22.737501046684734,0.9222853099064057
791,177,1,1,6,2916,201,-18,4755,-5485,0,22.797669188263487,0.9218789150911477
792,181,-18,7,5,2907,194,-31,4755,-5485,0,22.8564068297833,0.9214812016669262
793,185,-18,7,5,2907,194,-31,4745,-5260,1,22.91511637579986,0.9210827107291583
794,189,-18,7,5,2898,185,-45,4745,-5260,1,22.97203776020402,0.9206954335673292
795,193,-7,2,5,2898,185,-45,4730,-5137,1,23.02897489177959,0.9203071401868335
796,197,-7,2,5,2891,175,-58,4730,-5132,1,23.083948030670097,0.9199313782774071
797,201,-3,1,8,2891,175,-58,4745,-5060,1,23.138979345075352,0.9195543705128081
798,205,-3,1,8,2886,163,-71,4745,-5060,1,23.19165170513681,0.9191927288958487
799,209,-20,7,5,2886,163,-71,4755,-5030,1,23.244429380030816,0.9188295850381544
800,213,-20,7,5,2882,148,-82,4765,-4947,2,23.294006417664715,0.9184877534411939

